parameter,mu,mu_star,sigma,mu_star_conf
investment,618.010757808456,618.010757808456,56.97473527828778,0.0
substitution,-32.02028221215343,59.9135014145799,,0.0
oil_price,5.392330064610837,22.392724608629692,,0.0
technology,16.304585012510422,16.304585012510422,32.33323756037603,0.0
elasticity,0.0,0.0,0.0,0.0
finance,0.0,0.0,0.0,0.0
